File Name,wt_int,wt_gmr,wt_rlmn,wm_int,wt_blcd,wt_hutu,wt_huff
BIBLE.txt_sequences.txt,2.51623,2.35014,1.64789,2.5164,1.18914,1.04976,1.03968
BMS1_spmf.txt_sequences.txt,0.649555,0.625656,0.392267,0.649845,0.280922,0.228492,0.221776
FIFA.txt_sequences.txt,2.34058,2.16433,1.59021,2.34074,1.10182,1.03615,1.02397
Kosarak_converted.txt_sequences.txt,1.93069,1.79793,1.31054,1.93106,0.913566,0.80827,0.800722
LEVIATHAN.txt_sequences.txt,0.649889,0.62756,0.440185,0.650164,0.309974,0.280607,0.277957
MSNBC.txt_sequences.txt,1.45154,1.32829,0.659982,1.45181,0.379578,0.321532,0.317163
SIGN.txt_sequences.txt,0.144714,0.162312,0.103402,0.145004,0.0752544,0.0601702,0.0690737
